{
  "tags": [
    {
      "ID": 13,
      "pose": {
        "translation": {
          "x": 2.4384,
          "y": 2.4384,
          "z": 0.508
        },
        "rotation": {
          "quaternion": {
            "W": -6.123233995736766e-17,
            "X": 0.0,
            "Y": 0.0,
            "Z": 1.0
          }
        }
      }
    },
    {
      "ID": 8,
      "pose": {
        "translation": {
          "x": 2.4384,
          "y": 0.6096,
          "z": 0.508
        },
        "rotation": {
          "quaternion": {
            "W": -6.123233995736766e-17,
            "X": 0.0,
            "Y": 0.0,
            "Z": 1.0
          }
        }
      }
    },
    {
      "ID": 4,
      "pose": {
        "translation": {
          "x": 0.6096,
          "y": 3.6576,
          "z": 0.508
        },
        "rotation": {
          "quaternion": {
            "W": 0.7071067811865476,
            "X": 0.0,
            "Y": 0.0,
            "Z": -0.7071067811865475
          }
        }
      }
    }
  ],
  "field": {
    "length": 17.5482504,
    "width": 8.0519016
  }
}